{
  "hash": "9bc686d7",
  "configHash": "ca65f3f7",
  "lockfileHash": "0d6dbed9",
  "browserHash": "76d07cf3",
  "optimized": {
    "@angular/common": {
      "src": "../../../../../node_modules/@angular/common/fesm2022/common.mjs",
      "file": "@angular_common.js",
      "fileHash": "2d313e29",
      "needsInterop": false
    },
    "@angular/common/http": {
      "src": "../../../../../node_modules/@angular/common/fesm2022/http.mjs",
      "file": "@angular_common_http.js",
      "fileHash": "5bd11b01",
      "needsInterop": false
    },
    "@angular/core": {
      "src": "../../../../../node_modules/@angular/core/fesm2022/core.mjs",
      "file": "@angular_core.js",
      "fileHash": "6813d3ff",
      "needsInterop": false
    },
    "@angular/forms": {
      "src": "../../../../../node_modules/@angular/forms/fesm2022/forms.mjs",
      "file": "@angular_forms.js",
      "fileHash": "506dc05c",
      "needsInterop": false
    },
    "@angular/material/core": {
      "src": "../../../../../node_modules/@angular/material/fesm2022/core.mjs",
      "file": "@angular_material_core.js",
      "fileHash": "3ac7a3b6",
      "needsInterop": false
    },
    "@angular/material/datepicker": {
      "src": "../../../../../node_modules/@angular/material/fesm2022/datepicker.mjs",
      "file": "@angular_material_datepicker.js",
      "fileHash": "5c4590f0",
      "needsInterop": false
    },
    "@angular/material/form-field": {
      "src": "../../../../../node_modules/@angular/material/fesm2022/form-field.mjs",
      "file": "@angular_material_form-field.js",
      "fileHash": "86eac5de",
      "needsInterop": false
    },
    "@angular/material/input": {
      "src": "../../../../../node_modules/@angular/material/fesm2022/input.mjs",
      "file": "@angular_material_input.js",
      "fileHash": "c1cca29f",
      "needsInterop": false
    },
    "@angular/material/select": {
      "src": "../../../../../node_modules/@angular/material/fesm2022/select.mjs",
      "file": "@angular_material_select.js",
      "fileHash": "b5e55b69",
      "needsInterop": false
    },
    "@angular/platform-browser": {
      "src": "../../../../../node_modules/@angular/platform-browser/fesm2022/platform-browser.mjs",
      "file": "@angular_platform-browser.js",
      "fileHash": "ea09317f",
      "needsInterop": false
    },
    "@angular/platform-browser/animations": {
      "src": "../../../../../node_modules/@angular/platform-browser/fesm2022/animations.mjs",
      "file": "@angular_platform-browser_animations.js",
      "fileHash": "cfa28e91",
      "needsInterop": false
    },
    "@angular/router": {
      "src": "../../../../../node_modules/@angular/router/fesm2022/router.mjs",
      "file": "@angular_router.js",
      "fileHash": "4eb916dc",
      "needsInterop": false
    },
    "rxjs": {
      "src": "../../../../../node_modules/rxjs/dist/esm5/index.js",
      "file": "rxjs.js",
      "fileHash": "a701eee7",
      "needsInterop": false
    }
  },
  "chunks": {
    "chunk-AHDKDJTC": {
      "file": "chunk-AHDKDJTC.js"
    },
    "chunk-MH63QHRW": {
      "file": "chunk-MH63QHRW.js"
    },
    "chunk-7TKTXX4O": {
      "file": "chunk-7TKTXX4O.js"
    },
    "chunk-EDLVVUJD": {
      "file": "chunk-EDLVVUJD.js"
    },
    "chunk-WRKNAZQI": {
      "file": "chunk-WRKNAZQI.js"
    },
    "chunk-5NXUIIZI": {
      "file": "chunk-5NXUIIZI.js"
    },
    "chunk-IXT5P5L6": {
      "file": "chunk-IXT5P5L6.js"
    },
    "chunk-AEG5PIIJ": {
      "file": "chunk-AEG5PIIJ.js"
    },
    "chunk-XLSINCXO": {
      "file": "chunk-XLSINCXO.js"
    },
    "chunk-YFXVGDDX": {
      "file": "chunk-YFXVGDDX.js"
    },
    "chunk-W7WAD56I": {
      "file": "chunk-W7WAD56I.js"
    }
  }
}